Name,Location,Cuisine,Type,Status
Feng Cha,Milpitas,Taiwanese,Boba,Visited
Yoshi Sushi,Milpitas,Japanese,Restaurant,Visited
Phở Mai #1 Noodle House,Milpitas,Vietnamese,Restaurant,Not Visited
New Phở Saigon,Milpitas,Vietnamese,Restaurant,Not Visited
Sunright Tea Studio,Milpitas | Sunnyvale,Taiwanese,Boba,Visited
Chick & Tea,Milpitas,Taiwanese,Restaurant,Visited
Xing Fu Tang,Milpitas,Taiwanese,Boba,Visited
K OnTheGo,Milpitas,Taiwanese,Boba | Cafe/Bakery,Visited
Smoove,Milpitas,Taiwanese,Boba | Ice Cream,Visited
Mikayla's Cafe,Milpitas,American,Restaurant,Visited
IBU Taproom & Bottle Shop,Milpitas,General,Bar/Brewery,Visited
Poki Run,Milpitas,Japanese,Restaurant,Not Visited
Layang Layang,Milpitas,Malaysian,Restaurant,Visited
Slice House,Milpitas,Italian,Restaurant,Not Visited
Bun Appétit (Thu - Sun only),Fremont,Chinese,Cafe/Bakery,Visited
A Sack of Potatoes,Fremont,Chinese,Restaurant,Visited
Suju's Coffee,Fremont,General,Cafe/Bakery,Visited
KoJa Kitchen,Fremont,Korean,Restaurant,Not Visited
SOJO Ramen,Fremont,Japanese,Restaurant,Not Visited
Posh Bagels,Fremont,General,Cafe/Bakery,Not Visited
The Breeze Cafe,Fremont,General,Restaurant,Visited
Rita's Italian Ice and Frozen Custard,Fremont,General,Ice Cream,Visited
Milkcow Soft Serve,Fremont,Japanese,Ice Cream,Visited
Cauldron Ice Cream,Fremont | San Jose,General,Ice Cream,Visited
SOHO Modern Japanese ($$$),Fremont,Japanese,Restaurant,Not Visited
Halal Guys,Fremont | San Jose,Arabian,Restaurant,Visited
Mr. Sun Tea,Fremont,Taiwanese,Boba,Not Visited
Pints of Joy,Fremont | Sunnyvale,Indian,Ice Cream,Visited
Wadaya,Fremont,Japanese,Restaurant,Not Visited
Mochicream / J. Sweets,San Jose,Japanese,Store,Visited
House of Bagels,San Jose,General,Cafe/Bakery,Visited
Pressed Juicery,San Jose,General,Store,Visited
Ike's Love and Sandwiches,San Jose,General,Restaurant,Visited
Pastelaria Adega,San Jose,Portugese,Cafe/Bakery,Not Visited
New Hoa Dang Vegetarian,San Jose,Vietnamese,Restaurant,Visited
Izumi Matcha,San Jose,Japanese,Boba,Visited
Poke House,San Jose,Japanese,Restaurant,Visited
Dumpling Time,San Jose,Chinese,Restaurant,Visited
Mendocino Farms,San Jose | Palo Alto,General,Restaurant,Visited
Rabbit Rabbit Tea,San Jose,Taiwanese,Boba,Not Visited
Salt & Straw,San Jose | Palo Alto,General,Ice Cream,Visited
N7 Draft Tea + Coffee,San Jose,Taiwanese,Boba,Visited
JINYA Ramen Bar,San Jose,Japanese,Restaurant,Visited
The Breakfast Club at Midtown,San Jose,General,Restaurant,Not Visited
K Cafe Patisserie & Tea House,San Jose,Taiwanese,Cafe/Bakery,Not Visited
San Jose Candy Kitchen,San Jose,General,Store,Not Visited
Whispers Cafe and Creperie,San Jose,General,Restaurant,Visited
Santo Market (Japantown),San Jose,Japanese,Store | Restaurant,Not Visited
Insomniac Cookies,San Jose,General,Cafe/Bakery,Not Visited
Mochinut (mochi donuts),San Jose,Japanese,Cafe/Bakery,Visited
Mazala Pizza,San Jose,Indian,Restaurant,Visited
Bobaholics,San Jose,Taiwanese,Boba,Not Visited
Sushi [Confidential],San Jose,Japanese,Restaurant,Not Visited
Milk Belly Factory,San Jose,Japanese,Cafe/Bakery,Not Visited
Dough Zone Dumpling House,San Jose,Chinese,Restaurant,Visited
Aloha Fresh,San Jose,Japanese,Restaurant,Not Visited
Fancy Flavors Bakeshop,San Jose,French,Cafe/Bakery,Not Visited
Blue Monkey Cafe,San Jose,Vietnamese,Restaurant,Not Visited
SOFA Market,San Jose,Variety,Restaurant,Visited
Fugetsu,San Jose,Japanese,Store,Not Visited
Haiku Teahouse,San Jose,Taiwanese,Boba,Visited
The Club on Post,San Jose,American,Restaurant,Not Visited
World Market: worldwide snax + licorice,San Jose,General,Store,Visited
Coffee & Water Lab,San Jose,General,Boba | Cafe/Bakery,Not Visited
Frank & Furter's Hot Dogs,San Jose,American,Restaurant,Not Visited
Story's Organic Milk Bar,San Jose,Vietnamese,Ice Cream,Not Visited
Paper Planes,San Jose,General,Bar/Brewery,Visited
Nomikai,San Jose,Japanese,Bar/Brewery,Visited
Haberdasher,San Jose,American,Bar/Brewery,Visited
Dr. Funk,San Jose,General,Bar/Brewery,Not Visited
Eos & Nyx,San Jose,Mediterranean,Bar/Brewery | Restaurant,Not Visited
Market Beer Company,San Jose,American,Bar/Brewery,Not Visited
CA Fish Grill,San Jose,General,Restaurant,Visited
Valley Goat,Sunnyvale,American,Restaurant,Not Visited
Hanabusa Cafe,Sunnyvale,Japanese,Cafe/Bakery,Not Visited
Cowboy Coffee,Sunnyvale,Japanese,Boba,Not Visited
Crepevine,Mountain View,General,Restaurant,Visited
Alexander's Pâtisserie,Mountain View,French,Cafe/Bakery,Not Visited
Maison Alyzée ($$$),Mountain View,French,Cafe/Bakery,Not Visited
Asian Box,Mountain View,Vietnamese,Restaurant,Visited
Bloom Bagels,Campbell,General,Cafe/Bakery,Not Visited
Mo's Breakfast,Campbell,American,Restaurant,Not Visited
Croffles & Co.,Pleasanton,General,Cafe/Bakery,Not Visited
Bober Tea & Coffee,Pleasanton,Vietnamese,Boba,Visited
Kajiken,San Mateo,Japanese,Restaurant,Not Visited
Wursthall,San Mateo,German,Restaurant,Not Visited
Himawari Ramen,San Mateo,Japanese,Restaurant,Not Visited
Cheeseboard Pizza,Berkeley,American,Restaurant,Visited
Shu Shia,Cupertino,Chinese,Boba,Not Visited
Tiger Sugar,Cupertino,Taiwanese,Boba,Visited
Sweet Maple,Cupertino | Palo Alto,General,Restaurant,Not Visited
Aqui's,Cupertino,Mexican,Restaurant,Visited
Rubio's Coastal Grill,Cupertino,Mexican,Restaurant,Not Visited
Horinori Ramen,Cupertino,Japanese,Restaurant,Visited
Siam Station,Cupertino,Thai,Restaurant,Visited
Shang Yu Lin,Cupertino,Taiwanese,Boba,Not Visited
Myungrang Hotdog,Cupertino,Korean,Restaurant,Not Visited
Chicha Sanchen,Cupertino,Taiwanese,Boba,Not Visited
Oklava,Palo Alto,Turkish,Cafe/Bakery,Not Visited
Cafe Venetia,Palo Alto,Italian,Cafe/Bakery,Not Visited
Rabbit Rabbit Cream,Palo Alto,Taiwanese,Cafe/Bakery,Not Visited
Son & Garden,Palo Alto,General,Restaurant,Not Visited
The Melt,Palo Alto,General,Restaurant,Visited
Sprinkles Cupcakes,Palo Alto,General,Cafe/Bakery,Not Visited
🍕Rise Woodfire Pizza,Santa Clara | San Mateo,American,Restaurant,Visited
Big Mug Coffee Roaster,Santa Clara,General,Cafe/Bakery,Visited
Rantei Japanese Cuisine,Santa Clara,Japanese,Restaurant,Not Visited
KATSUYAKI (bento box meals),Santa Clara,Japanese,Restaurant,Not Visited
World Wrapps,Santa Clara,Variety,Restaurant,Visited
Rocko's Ice Cream Tacos,Santa Clara,General,Ice Cream,Visited
Meet Fresh,Santa Clara | San Jose,Taiwanese,Ice Cream,Visited
Crepes Bistro,Santa Clara,General,Restaurant,Visited
nha Cafe,Santa Clara,Vietnamese,Boba,Not Visited
Ondam,Santa Clara,Korean,Restaurant,Visited
1oz Coffee,Santa Clara | Mountain View,General,Cafe/Bakery,Not Visited
Merchant Roots1,San Francisco,American,Restaurant,Not Visited
Garden Creamery,San Francisco,General,Ice Cream,Not Visited
Kiss of Matcha,San Francisco,Japanese,Boba | Ice Cream | Cafe/Bakery,Not Visited
Live Sushi Bar,San Francisco,Japanese,Restaurant,Not Visited
Mensho Tokyo,San Francisco,Japanese,Restaurant,Not Visited
The Grove - Yerba Buena,San Francisco,General,Restaurant,Visited
Pizzeria Delfina,San Francisco,Italian,Restaurant,Visited
Ramen Yamadaya,San Francisco,Japanese,Restaurant,Visited
Verve Coffee Roasters,San Francisco,General,Cafe/Bakery,Visited
Yellow Moto Pizzeria,San Francisco,Italian,Restaurant,Visited
Raw Sugar Factory,San Francisco,General,Restaurant,Visited
Dandelion Chocolate,San Francisco,General,Cafe/Bakery,Visited
Kantine,San Francisco,Scandanavian,Restaurant,Not Visited
Delah Coffee House,San Francisco,Arabian,Cafe/Bakery,Visited
Jina Bakes,San Francisco,Japanese,Cafe/Bakery,Not Visited
Arsicault Bakery,San Francisco,French,Cafe/Bakery,Not Visited
Marufuku Ramen (Ananya's rec),San Francisco,Japanese,Restaurant,Not Visited
Hinodeya Ramen,San Francisco,Japanese,Restaurant,Visited
Tea Hut,San Francisco,Taiwanese,Boba,Not Visited
Bansang,San Francisco,Korean,Restaurant,Not Visited
Luisa's Ristorante Wine Bar since 1959,San Francisco,Italian,Restaurant,Visited
Kitchen Story,San Francisco,American,Restaurant,Visited
U :Dessert Story,San Francisco,Japanese,Cafe/Bakery,Not Visited
Elephant Sushi,San Francisco,Japanese,Restaurant,Not Visited
Robin,San Francisco,Japanese,Restaurant,Not Visited
Omakase,San Francisco,Japanese,Restaurant,Not Visited
Good Luck Dim Sum,San Francisco,Chinese,Restaurant,Not Visited
Dragon Beaux (dim sum),San Francisco,Chinese,Restaurant,Not Visited
Hong Kong Lounge (dim sum),San Francisco,Chinese,Restaurant,Not Visited
Han Li Kwan,San Francisco,Korean,Restaurant,Not Visited
Daeho,San Francisco,Korean,Restaurant,Not Visited
San Ho Wan,San Francisco,Korean,Restaurant,Not Visited
San Tung,San Francisco,Chinese,Restaurant,Not Visited
Sizzling Pot King,San Francisco,Chinese,Restaurant,Not Visited
R&G Lounge,San Francisco,Chinese,Restaurant,Not Visited
Hinoya Curry,San Francisco,Japanese,Restaurant,Not Visited
Udon Mugizo,San Francisco,Japanese,Restaurant,Not Visited
Nojo,San Francisco,Japanese,Restaurant,Not Visited
Shabu Club (hot pot),San Francisco,Chinese,Restaurant,Not Visited
Tasty Pot (hot pot),San Francisco,Chinese,Restaurant,Not Visited
Nabe (hot pot),San Francisco,Chinese,Restaurant,Not Visited
Golden Star,San Francisco,Vietnamese,Restaurant,Not Visited
Tin Vietnamese,San Francisco,Vietnamese,Restaurant,Not Visited
Perilla,San Francisco,Vietnamese,Restaurant,Not Visited
Milkbomb Ice Cream (sandwiches),San Francisco | Berkeley,General,Ice Cream,Not Visited
Lapisara Eatery,San Francisco,American,Restaurant,Not Visited
Matcha Cafe Maiko,San Francisco,Japanese,Ice Cream,Visited
Balboa Cafe,San Francisco,American,Bar/Brewery | Restaurant,Visited
Smuggler's Cove,San Francisco,General,Bar/Brewery,Visited
Wildhawk,San Francisco,General,Bar/Brewery,Not Visited
Mr. Tipple's Jazz Club,San Francisco,American,Bar/Brewery,Not Visited
The Snug Cocktail Bar,San Francisco,General,Bar/Brewery,Not Visited
Red 88,Davis,Thai,Restaurant,Visited
Fire Wings,Davis | San Jose,Variety,Restaurant,Visited
Burgers & Brew,Davis,General,Restaurant,Visited
Three Ladies Cafe,Davis,General,Cafe/Bakery,Visited
Black Frog Coffee,Davis,General,Cafe/Bakery,Not Visited
Temple Coffee Roasters,Davis,General,Cafe/Bakery,Not Visited
Zen Toro Japanese Cuisine,Davis,Japanese,Restaurant,Not Visited
Kin Thai Street Eatery,Sacramento,Thai,Restaurant,Visited
Mix Huevos,Los Gatos,Mexican,Restaurant,Not Visited
Cafe Kazka,Foster City,Chinese,Cafe/Bakery | Boba,Not Visited
Grand Bazaar Foods,San Carlos,Turkish,Store,Not Visited
All Raw Fizz (exotic snacks),Monterey,General,Store,Visited
Full Belly Bakery,Oakland,American,Cafe/Bakery,Not Visited
BZZ Claypot Rice,Cupertino,Chinese,Restaurant,Not Visited
